<?xml version="1.0" encoding="UTF-8"?>
<Configuration status="INFO">
	<Appenders>
		<Console name="Console" target="SYSTEM_OUT">
			<PatternLayout pattern="%d{ISO8601}|%-5level|%t|%c{1}|%msg%n" />
		</Console>
		<RollingFile name="RollingFile" fileName="log/app.log"
			filePattern="log/$${date:yyyy-MM}/app-%d{MM-dd-yyyy}-%i.log.gz">
			<PatternLayout
				pattern="%d{ISO8601}|%-5level|%t|%c{1}|%msg%n" />
			<Policies>
				<TimeBasedTriggeringPolicy />
				<SizeBasedTriggeringPolicy size="500 MB" />
			</Policies>
			<DefaultRolloverStrategy max="20">
				<Delete basePath="${baseDir}" maxDepth="2">
					<IfFileName glob="*/app-*.log.gz" />
					<IfLastModified age="14d" />
				</Delete>
			</DefaultRolloverStrategy>
		</RollingFile>
	</Appenders>
	<Loggers>
		<Logger name="com.growhouse" level="INFO" additivity="false">
			<AppenderRef ref="Console" />
			<AppenderRef ref="RollingFile" />
		</Logger>
		<Root level="INFO">
			<AppenderRef ref="Console" />
			<AppenderRef ref="RollingFile" />
		</Root>
	</Loggers>
</Configuration>