[{
  "command": "createRule",
  "deviceHid": "678b3aba367c94f1a871aa6b6fd5e1a883f59963",
  "payload": {
    "conditions": [
    ],
    "monitors": [
    ],
    "name": "Test-Rule1",
    "ruleHid": "45fdsf44fdfg5d4f54",
    "timeInterval": 10,
    "globalResponsePayload": {
      "containerId": "dsd",
      "facilityId": "dsd",
      "gatewayId": "dddd",
      "gatewayName": "dfd",
      "containerName": "dsds",
      "facilityName": "fdfd"
    }
  }
},
{
  "command": "createRule",
  "deviceHid": "678b3aba367c94f1a871aa6b6fd5e1a883f59963",
  "payload": {
    "conditions": [
    ],
    "monitors": [
    ],
    "name": "Test-Rule2",
    "ruleHid": "45fdsf44fdfg5d4f54",
    "timeInterval": 10,
    "globalResponsePayload": {
      "containerId": "dsd",
      "facilityId": "dsd",
      "gatewayId": "dddd",
      "gatewayName": "dfd",
      "containerName": "dsds",
      "facilityName": "fdfd"
    }
  }
},
{
  "command": "createRule",
  "deviceHid": "678b3aba367c94f1a871aa6b6fd5e1a883f59963",
  "payload": {
    "conditions": [
    ],
    "monitors": [
    ],
    "name": "Test-Rule3",
    "ruleHid": "45fdsf44fdfg5d4f54",
    "timeInterval": 10,
    "globalResponsePayload": {
      "containerId": "dsd",
      "facilityId": "dsd",
      "gatewayId": "dddd",
      "gatewayName": "dfd",
      "containerName": "dsds",
      "facilityName": "fdfd"
    }
  }
},
{
  "command": "createRule",
  "deviceHid": "678b3aba367c94f1a871aa6b6fd5e1a883f59963",
  "payload": {
    "conditions": [
    ],
    "monitors": [
    ],
    "name": "Test-Rule4",
    "ruleHid": "45fdsf44fdfg5d4f54",
    "timeInterval": 10,
    "globalResponsePayload": {
      "containerId": "dsd",
      "facilityId": "dsd",
      "gatewayId": "dddd",
      "gatewayName": "dfd",
      "containerName": "dsds",
      "facilityName": "fdfd"
    }
  }
} ]
