[
  {
    "layout": 1,
    "cols": 1,
    "rowHeight": "11:7",
    "url" : "assets/images/layout-select-1.png"
  },
  {
    "layout": 2,
    "cols": 1,
    "rowHeight": "3:1",
    "url" : "assets/images/layout-select-2.png"
  },
  {
    "layout": 3,
    "cols": 1,
    "rowHeight": "3:1",
    "url" : "assets/images/layout-select-3.png"
  },
  {
    "layout": 4,
    "cols": 2,
    "rowHeight": "1.3:1",
    "url" : "assets/images/layout-select-4.png"
  },
 {
    "layout": 6,
    "cols": 2,
    "rowHeight": "1.5:1",
    "url" : "assets/images/layout-select-6.png"
  },
  {
    "layout": 8,
    "cols": 2,
    "rowHeight": "1.5:1",
    "url" : "assets/images/layout-select-8.png"
  },
  {
    "layout": 10,
    "cols": 2,
    "rowHeight": "1.5:1",
    "url" : "assets/images/layout-select-10.png"
  },
   {
    "layout": 12,
    "cols": 2,
    "rowHeight": "1.5:1",
    "url" : "assets/images/layout-select-12.png"
  }
]
