[
  {
    "id": 1,
    "container_name": "Floor3",
    "container_type": {
      "id": 1,
      "container_type_name": "Standard"
    },
    "facility": {
      "id": 4,
      "facility_name": "P.O. Box 557, 965 Libero Avenue",
      "country": "United States",
      "state": "IA",
      "locality": "Davenport",
      "zip": 49029,
      "admin": {
        "id": 11,
        "username": "Ruby I. Hendricks"
      },
      "description": "bibendum fermentum metus. Aenean sed pede nec ante blandit viverra."
    },
    "description": "hymenaeos. Mauris ut quam vel sapien imperdiet ornare. In faucibus."
  },
  {
    "id": 2,
    "container_name": "Floor_new",
    "container_type": {
      "id": 1,
      "container_type_name": "Standard"
    },
    "facility": {
      "id": 4,
      "facility_name": "P.O. Box 557, 965 Libero Avenue",
      "country": "United States",
      "state": "IA",
      "locality": "Davenport",
      "zip": 49029,
      "admin": {
        "id": 11,
        "username": "Ruby I. Hendricks"
      },
      "description": "bibendum fermentum metus. Aenean sed pede nec ante blandit viverra."
    },
    "description": "hymenaeos. Mauris ut quam vel sapien imperdiet ornare. In faucibus."
  }
]
