[
  {
    "name": "India",
    "state": [
      {
        "state_name": "Gujarat",
        "locality": ["Ahmedabad", "Rajkot", "Surat", "Vadodara"]
      },
      {
        "state_name": "Maharashtra",
        "locality": ["Mumbai", "Pune", "Nasik"]
      }
    ]
  },
  {
    "name": "USA",
    "state": [
      {
        "state_name": "California",
        "locality": ["Los Angeles", "San Fransisco", "San Jose"]
      },
      {
        "state_name": "Texas",
        "locality": ["Austin", "Dallas"]
      }
    ]
  }
]
